origin,destination,count
ABE,ATL,853
48329,48329,14586
48439,48439,11137
48113,48113,9648
48329,48135,8232
48135,48329,7581
48113,48439,7311
48439,48113,6972
48317,48329,4978
48227,48329,3983
48135,48135,3772
48329,48317,3074
48329,48227,3018
48389,48389,2998
48367,48439,2721
48439,48367,2697
48389,48475,2411
48389,48135,2388
48389,48329,2245
48367,48367,2108
48475,48135,2088
48135,48475,1904
48475,48475,1864
48329,48475,1741
48475,48389,1727
48227,48227,1715
48475,48329,1654
48139,48113,1642
48173,48329,1613
48113,48139,1594
48461,48329,1484
48257,48113,1443
48113,48257,1431
48135,48389,1420
48329,48173,1284
48441,48441,1255
48203,48183,1232
48317,48135,1207
48329,48461,1189
48495,48389,1187
48173,48135,1172
48329,48389,1137
48139,48439,1125
48439,48251,1108
48183,48203,1099
48251,48439,1087
48227,48135,937
48439,48139,934
48371,48135,850
48371,48329,839
48389,48495,804
48317,48227,772
48183,48183,768
48383,48329,741
48495,48329,738
48135,48227,724
48135,48317,703
48121,48439,684
48251,48113,648
48461,48135,641
48257,48257,624
48203,48203,587
48135,48173,578
48113,48251,576
48227,48317,565
48183,48423,562
48383,48135,535
48439,48121,520
48423,48183,506
48467,48113,502
48329,48371,482
48113,48367,478
48367,48113,475
48329,48383,465
48135,48371,461
48353,48353,456
48203,22017,449
48301,48329,447
48329,48495,445
48221,48439,434
48085,48439,430
48121,48113,428
48423,48423,411
48113,48467,391
48439,48221,390
48203,48423,388
48113,48121,385
22017,48203,384
48423,48203,376
48113,48085,366
48135,48461,365
48085,48113,363
48103,48329,361
48371,48475,361
48133,48133,355
48439,48085,344
48495,48135,331
48353,48441,328
35025,48329,319
48317,48317,305
48441,48059,305
48439,48257,304
48059,48441,298
48257,48439,298
48113,48423,296
48367,48363,293
48227,48335,290
48363,48367,287
48451,48329,275
48173,48227,270
48423,48113,267
48441,48353,264
48135,48383,263
48335,48227,263
48227,48173,262
48301,48135,262
48103,48389,259
48103,48135,259
22017,48183,257
48475,48371,256
48495,48475,252
48329,48003,251
35015,48329,249
48003,48329,247
48135,48103,247
48251,48367,246
48363,48439,246
48389,48109,243
22015,48203,240
48439,48363,236
48183,22017,233
48201,48113,231
48389,35025,229
35025,48389,228
48121,48367,227
48365,48183,225
48109,48389,220
48401,48203,220
48329,48103,219
48135,48495,218
48201,48439,215
48183,48365,208
48467,48423,204
48367,48251,201
48423,48467,200
48213,48113,199
48109,48329,198
35025,48135,197
48389,48371,195
48397,48113,195
48475,48103,182
48113,48397,180
48257,48467,180
48103,48475,179
48143,48367,178
48367,48121,178
48203,22015,174
48371,48389,174
48113,48213,173
48353,48151,173
22031,48203,170
48203,48401,166
48415,48329,166
48475,48317,165
48365,48203,161
48203,48365,157
48309,48113,157
48003,48475,154
48151,48353,152
22017,48423,146
35015,48135,145
48303,48441,144
48141,48475,140
48467,48467,140
48133,48441,138
48329,35025,138
48113,48349,134
48349,48113,133
48085,48257,132
48301,48475,132
48113,22017,131
48329,48451,131
48461,48227,131
48467,48257,131
48141,48135,130
48113,48201,129
48221,48367,128
48367,48221,127
48497,48439,127
48121,48139,124
48441,48133,124
48113,48309,123
48183,48401,123
48415,48353,123
48109,48135,122
48441,48253,122
48227,48461,120
48383,48475,119
48317,48475,118
48329,48301,117
48335,48353,117
48003,48135,116
48203,22031,116
48335,48329,116
48439,48467,116
22017,48113,114
48027,48113,114
48257,48085,113
48439,48423,113
48475,48495,113
48115,48329,111
48301,48389,110
48423,22017,110
48439,48497,110
48133,48367,109
48135,35025,109
48227,48475,109
48389,48003,107
48461,48317,107
48467,48439,107
48423,48439,106
48353,48329,105
48003,48389,104
48141,48389,104
48329,48353,104
48389,48141,104
48453,48113,104
48059,48059,103
48183,48467,103
48253,48441,103
48475,48227,103
48221,48113,102
48329,48335,102
48135,48301,101
5099,48113,100
48367,48143,100
48367,48133,98
48139,48085,97
48353,48415,97
48251,48363,95
48451,48135,95
48141,48227,92
48085,48139,90
48439,48201,90
48227,48353,89
48423,48257,89
48439,48349,89
48029,48113,88
48143,48439,88
48231,48113,88
48335,48335,88
22015,48183,87
48113,48217,87
48329,35015,86
48309,48439,85
48329,48415,84
48475,48383,84
48353,48335,83
48441,48439,83
48113,48453,82
48401,48183,82
48113,48231,81
48329,48441,81
48141,48329,80
48441,48113,80
48121,48257,79
48257,48423,78
48139,48257,77
48317,48461,77
48441,48329,77
48103,48227,76
48113,48441,75
48349,48439,75
48141,48353,73
48475,48003,73
48113,48183,72
48133,48439,72
48183,22015,72
48217,48113,72
48353,48227,72
48389,48301,72
48439,48143,72
48113,48133,70
48227,48033,70
48439,48397,70
48113,48027,69
48139,48121,69
48303,48353,69
48439,48309,69
48183,48113,68
48441,48227,68
48439,48441,67
48439,48133,67
48109,48475,66
48033,48329,65
48459,48203,65
48475,48301,65
48495,48173,65
48113,5099,64
48135,48003,64
48227,48441,64
48439,48217,64
48467,48183,64
48491,48113,64
48329,48109,63
48441,48151,63
22083,48183,62
48139,48367,62
48389,48227,62
48441,48303,62
48183,48213,61
48397,48439,61
48423,48499,60
35025,48227,59
48027,48439,59
48085,48367,59
48151,48441,59
48113,48221,58
48135,48451,58
48161,48113,58
48221,48121,58
48227,48383,58
48329,48115,58
48389,48103,58
48415,48441,57
48485,48251,57
48499,48423,57
48085,48423,56
48221,48363,56
48231,48439,56
48415,48135,56
48133,48113,55
48397,48139,55
48401,48423,54
48203,48113,53
48253,48353,53
48303,48135,53
48383,48227,53
48135,35015,52
48257,48121,52
48367,48139,52
48497,48367,52
22119,48203,51
48213,48183,51
48363,48251,51
48441,48367,51
22061,48183,50
48113,48223,50
48135,48141,50
48213,48439,50
48353,48059,50
48257,48139,49
48303,48329,49
48461,48475,49
48173,48335,48
48317,48415,48
48415,48227,48
48431,48329,48
48439,22017,48
48475,48141,48
48495,48383,48
22017,48439,47
22065,48423,47
22119,48423,47
35015,48475,47
48113,48363,47
48183,48439,47
48227,48389,47
48033,48227,46
48135,48441,46
48367,48441,46
48441,48415,46
22031,48183,45
48085,48251,45
48121,48251,45
48329,48105,45
48423,48401,45
48439,48213,45
48441,48135,45
48495,48103,45
48003,48227,44
48203,22119,44
48317,48335,44
48367,48497,44
48367,48329,44
48085,48213,43
48113,5119,43
48363,48363,43
48389,48317,43
48105,48329,42
48113,48029,42
48181,48439,42
48203,48459,42
48231,48257,42
48423,48085,42
48439,48231,42
48453,48439,42
22119,48183,41
48103,48495,41
48113,48161,41
48217,48439,41
48235,48329,41
48467,22017,41
48475,48461,41
22061,48203,40
22065,48257,40
48173,48317,40
48183,22119,40
48227,48451,40
22017,48467,39
22065,48113,39
35025,48475,39
48133,48363,39
48135,48033,39
48227,48113,39
48329,48367,39
48353,48367,39
48353,48135,39
5125,48113,38
48135,48353,38
48227,48415,38
48227,48141,38
48329,48439,38
48451,48317,38
22015,48423,37
48033,48135,37
48059,48329,37
48133,48059,37
48135,48335,37
48353,48439,37
48363,48113,37
48439,48027,37
48441,48335,37
22065,48467,36
35023,48389,36
48121,48467,36
48173,48475,36
48213,48085,36
48257,48183,36
48353,48133,36
48451,48227,36
48143,48113,35
48367,48085,35
48425,48439,35
5019,48113,34
48085,48467,34
48109,48227,34
48133,48329,34
48139,48397,34
48223,48113,34
48227,48003,34
48257,22017,34
48329,48133,34
35015,48227,33
48113,48497,33
48141,48441,33
48141,48133,33
48165,48329,33
48183,22031,33
48227,48367,33
48257,48367,33
48317,48173,33
48467,48085,33
48139,48231,32
48329,48235,32
48439,48425,32
48439,48183,32
48441,48363,32
5119,48139,31
22017,48257,31
48037,48113,31
48059,48439,31
48113,48353,31
48151,48329,31
48329,48033,31
48335,48441,31
48353,48303,31
48363,48441,31
48367,48227,31
48383,48389,31
48439,48059,31
48441,48417,31
48475,48109,31
48499,48183,31
5119,48113,30
35013,48475,30
48027,48343,30
48059,48253,30
48121,48423,30
48135,48415,30
48141,48335,30
48201,48329,30
48231,48423,30
48251,48121,30
48329,48141,30
48335,48135,30
48363,48133,30
48367,48059,30
48415,48317,30
48459,48423,30
48459,48183,30
48479,48037,30
48479,48113,30
22017,48401,29
35013,48227,29
35023,48475,29
48059,48133,29
48113,22073,29
48133,48353,29
48257,48231,29
48317,48451,29
48353,48253,29
48363,48221,29
48367,48237,29
48439,48329,29
48439,48453,29
48459,22017,29
48461,48003,29
48479,48223,29
22079,48113,28
35013,48389,28
48027,48397,28
48027,48223,28
48135,48109,28
48139,48343,28
48227,48133,28
48401,22017,28
48439,48161,28
48485,48439,28
22061,48467,27
48059,48113,27
48113,48037,27
48115,48135,27
48183,48257,27
48203,48467,27
48217,48367,27
48317,48389,27
48339,48439,27
48001,48113,26
48113,48289,26
48113,48471,26
48113,48203,26
48227,48115,26
48243,48389,26
48251,48257,26
48329,48431,26
48423,22015,26
22073,48467,25
22119,48467,25
48003,48461,25
48029,48439,25
48103,48317,25
48113,48059,25
48113,48329,25
48113,48499,25
48141,48059,25
48201,48367,25
48289,48113,25
48303,48389,25
48335,48173,25
48339,48113,25
48353,48141,25
48423,48365,25
48471,48439,25
48497,48113,25
48503,48439,25
22017,48367,24
22031,48423,24
22119,48113,24
35015,48389,24
35029,48475,24
48105,48135,24
48113,5125,24
48121,48213,24
48139,48497,24
48201,48133,24
48203,48439,24
48209,48113,24
48217,5099,24
48303,48227,24
48309,48367,24
48309,48223,24
48317,48495,24
48317,48441,24
48329,48303,24
48367,48353,24
48491,48439,24
48497,48251,24
5119,48217,23
22073,48113,23
48113,48491,23
48113,48143,23
48115,48227,23
48139,48223,23
48201,48121,23
48201,48135,23
48227,48103,23
48257,48213,23
48353,48113,23
48423,22119,23
48439,48181,23
22015,48113,22
22065,48183,22
48003,48103,22
48183,48499,22
48201,48497,22
48223,48217,22
48237,48367,22
48335,48317,22
48383,48317,22
48397,48257,22
48441,48451,22
48467,48441,22
35013,48353,21
40109,48113,21
48037,48139,21
48059,48367,21
48113,48227,21
48121,48441,21
48161,48439,21
48181,48113,21
48227,48109,21
48257,48251,21
48315,48423,21
48317,48103,21
48337,48439,21
48417,48441,21
48431,48135,21
48475,48133,21
5035,48113,20
22061,48423,20
22073,48423,20
22081,48203,20
35013,48135,20
40109,48441,20
48029,48135,20
48037,48217,20
48133,48475,20
48139,48467,20
48203,48257,20
48217,48231,20
48227,48431,20
48237,48439,20
48251,48085,20
48253,48059,20
48335,48415,20
48389,48461,20
48479,5099,20
48049,48439,19
48109,48353,19
48113,22015,19
48121,48201,19
48159,48113,19
48227,48439,19
48329,48501,19
48329,48059,19
48363,48329,19
48367,48475,19
48439,48339,19
48441,48141,19
48461,48173,19
48471,48113,19
48475,48353,19
48495,48227,19
48495,48461,19
22073,48183,18
22073,48203,18
22083,48423,18
48027,48231,18
48029,48329,18
48029,48389,18
48037,48367,18
48059,48135,18
48113,48401,18
48113,48001,18
48135,48133,18
48139,48037,18
48139,5099,18
48157,48439,18
48183,48223,18
48201,48059,18
48315,48183,18
48317,48353,18
48349,48257,18
48367,48257,18
48417,48059,18
48423,48367,18
48475,48173,18
48495,48317,18
5019,48217,17
5123,48217,17
22013,48203,17
48033,48317,17
48059,48353,17
48135,48303,17
48215,48113,17
48223,48139,17
48223,48423,17
48301,48371,17
48353,48389,17
48419,48183,17
48423,48231,17
48435,48329,17
48467,48401,17
48475,48441,17
48475,35015,17
5019,48139,16
22017,48085,16
22065,48367,16
35029,48389,16
48041,48113,16
48113,22119,16
48113,48091,16
48133,48135,16
48133,48227,16
48173,48495,16
48201,48353,16
48213,48257,16
48217,48223,16
48221,48085,16
48231,48139,16
48251,48139,16
48253,48329,16
48257,48133,16
48303,48113,16
48397,48027,16
48401,48113,16
48423,48315,16
48423,48223,16
48439,48289,16
48461,48389,16
48467,48367,16
48475,35025,16
48503,48113,16
22015,48257,15
35023,48329,15
48003,48317,15
48027,48037,15
48029,48231,15
48035,48113,15
48073,48113,15
48113,5091,15
48113,48303,15
48133,48389,15
48165,48227,15
48173,48389,15
48173,48353,15
48201,48441,15
48207,48329,15
48217,48037,15
48235,48135,15
48257,48363,15
48289,48439,15
48367,48389,15
48367,48135,15
48371,48003,15
48371,48227,15
48389,35015,15
48389,48243,15
48397,48251,15
48423,48121,15
48439,48485,15
48439,48353,15
48451,48441,15
48453,48367,15
48467,22065,15
48467,48121,15
48479,48231,15
48479,5019,15
48485,48423,15
22015,48365,14
22061,48257,14
22065,48203,14
22065,48439,14
22073,48257,14
22083,48467,14
22085,48203,14
22119,48257,14
35015,48451,14
35029,48227,14
48027,48257,14
48037,48027,14
48085,48363,14
48091,48113,14
48113,22065,14
48113,48339,14
48121,48221,14
48121,22017,14
48133,48251,14
48135,48043,14
48143,48121,14
48159,48027,14
48173,48371,14
48201,48077,14
48201,48085,14
48213,48423,14
48223,48133,14
48223,48183,14
48227,48303,14
48227,48059,14
48227,48495,14
48257,22065,14
48301,48227,14
48317,48371,14
48317,48033,14
48329,48113,14
48347,48423,14
48365,48423,14
48365,48459,14
48367,48309,14
48389,35013,14
48389,48441,14
48439,48029,14
48439,22015,14
48441,48475,14
48467,48139,14
48499,48113,14
5123,48139,13
22017,48139,13
22079,48423,13
22083,48113,13
35025,48317,13
35029,48135,13
40019,48113,13
40109,48329,13
48003,48173,13
48049,48353,13
48049,48133,13
48097,48113,13
48121,48363,13
48133,48335,13
48133,48423,13
48173,48461,13
48183,48139,13
48201,48397,13
48207,48441,13
48223,48027,13
48227,35025,13
48257,48203,13
48257,48397,13
48257,48309,13
48263,48135,13
48363,48059,13
48367,48109,13
48389,48133,13
48389,48353,13
48401,48467,13
48419,48203,13
48423,48459,13
48423,22031,13
48439,48223,13
48451,48439,13
48459,48365,13
48467,48203,13
48475,48059,13
48479,5091,13
48497,48201,13
5091,48309,12
5091,48113,12
5099,48027,12
22017,48121,12
22031,48401,12
22079,48183,12
35013,48329,12
35015,48353,12
48003,48371,12
48027,48367,12
48033,48353,12
48037,48439,12
48039,48113,12
48081,48135,12
48097,48439,12
48109,48367,12
48109,48441,12
48113,48159,12
48121,48183,12
48133,48221,12
48133,48109,12
48147,48113,12
48165,48389,12
48173,48003,12
48183,22073,12
48183,22083,12
48183,48367,12
48203,22061,12
48217,5091,12
48229,48389,12
48303,48133,12
48309,48257,12
48353,48363,12
48365,22015,12
48367,48467,12
48389,35023,12
48389,48303,12
48439,48503,12
48439,48227,12
48467,22079,12
48479,48397,12
48495,48109,12
5091,48217,11
5099,48309,11
22013,48183,11
22015,48459,11
22017,22017,11
22033,48467,11
22079,48467,11
22081,48183,11
35023,48135,11
48005,48423,11
48059,48303,11
48061,48113,11
48067,22017,11
48103,48003,11
48113,48073,11
48113,48135,11
48113,48157,11
48113,22097,11
48113,48209,11
48113,22069,11
48135,48105,11
48139,5091,11
48159,48217,11
48183,48315,11
48183,22013,11
48201,48257,11
48213,48121,11
48217,5019,11
48219,48329,11
48223,48367,11
48227,35015,11
48251,48397,11
48293,48113,11
48309,5099,11
48309,5091,11
48329,48253,11
48349,48085,11
48353,48049,11
48365,22017,11
48367,48217,11
48389,48173,11
48397,48467,11
48401,22015,11
48423,48397,11
48423,48347,11
48425,48367,11
48439,48491,11
48441,48317,11
48449,48217,11
48497,48139,11
5019,48027,10
5019,48309,10
5019,48367,10
5091,48139,10
5091,48027,10
5099,48367,10
5125,48139,10
5139,48423,10
22015,48401,10
22033,48441,10
22061,48113,10
22097,48423,10
35025,48353,10
40109,48439,10
48003,48335,10
48013,48329,10
48059,48201,10
48073,22017,10
48085,48349,10
48109,48059,10
48113,22079,10
48121,48143,10
48133,48141,10
48133,48303,10
48139,22017,10
48139,48423,10
48139,48159,10
48143,48441,10
48159,48367,10
48169,48353,10
48183,48419,10
48201,22017,10
48201,48227,10
48203,48367,10
48251,48423,10
48251,48133,10
48277,48113,10
48289,48183,10
48301,48495,10
48303,48475,10
48309,48159,10
48309,48397,10
48309,48085,10
48309,48231,10
48317,48003,10
48329,48435,10
48349,48397,10
48353,48467,10
48353,48109,10
48367,48335,10
48371,48495,10
48377,48135,10
48389,48059,10
48397,48367,10
48399,48353,10
48423,22073,10
48429,48441,10
48439,48203,10
48441,48429,10
48449,48139,10
48451,48475,10
48451,48353,10
48467,22015,10
48467,22061,10
48473,48113,10
48475,35013,10
48499,48439,10
48499,48257,10
48501,48329,10
48503,48367,10
5059,48113,9
5099,48217,9
5119,48133,9
22015,48439,9
22015,48467,9
22017,48365,9
22097,48467,9
22119,48439,9
35015,48441,9
35029,48329,9
40143,48439,9
48001,22017,9
48029,48367,9
48035,48439,9
48037,48309,9
48049,48367,9
48059,48141,9
48059,48467,9
48085,48183,9
48085,22015,9
48113,48181,9
48113,48293,9
48113,40109,9
48113,40019,9
48121,48133,9
48121,48349,9
48133,48497,9
48133,48257,9
48133,48201,9
48135,35013,9
48135,48435,9
48135,48439,9
48139,48485,9
48141,48317,9
48157,48113,9
48183,48121,9
48187,48113,9
48187,48329,9
48201,48485,9
48201,48363,9
48203,22081,9
48207,48353,9
48213,48203,9
48227,48467,9
48227,48371,9
48229,48227,9
48251,48467,9
48257,48201,9
48257,48349,9
48309,48037,9
48309,48133,9
48329,48251,9
48329,48081,9
48329,48165,9
48337,48367,9
48343,48113,9
48353,48475,9
48353,48317,9
48367,48397,9
48367,48423,9
48367,48303,9
48371,48303,9
48371,48317,9
48423,48497,9
48423,22065,9
48435,48135,9
48439,48135,9
48439,48401,9
48441,48207,9
48441,48201,9
48441,48143,9
48441,48467,9
48449,22017,9
48451,48113,9
48453,48135,9
48459,48401,9
48467,48133,9
48475,48367,9
48491,48135,9
48499,48467,9
48499,48401,9
5019,48439,8
5035,48367,8
5099,48139,8
5119,48309,8
22017,48315,8
22017,48459,8
22027,48183,8
22031,48113,8
22055,48467,8
22061,48439,8
35009,48353,8
48003,48353,8
48029,48037,8
48029,48303,8
48059,48121,8
48059,48227,8
48073,48423,8
48093,48367,8
48103,48173,8
48113,48277,8
48113,48005,8
48113,48479,8
48113,40013,8
48115,48389,8
48121,48217,8
48133,48429,8
48135,48235,8
48141,48367,8
48165,48135,8
48181,48139,8
48183,48347,8
48183,22061,8
48183,48161,8
48201,48203,8
48201,48415,8
48201,48003,8
48201,48487,8
48203,5091,8
48209,48439,8
48213,48467,8
48215,48223,8
48221,48133,8
48221,48497,8
48223,48091,8
48223,48439,8
48229,48135,8
48229,48353,8
48229,48475,8
48231,48029,8
48231,48309,8
48231,22017,8
48231,48183,8
48231,48217,8
48251,48221,8
48301,48317,8
48329,48363,8
48329,48151,8
48335,48109,8
48339,48367,8
48339,48329,8
48347,48113,8
48349,48367,8
48349,48497,8
48363,48121,8
48367,22017,8
48367,48183,8
48383,48495,8
48389,48451,8
48389,48367,8
48389,35029,8
48397,48201,8
48401,48257,8
48401,22119,8
48409,48113,8
48423,48073,8
48423,48213,8
48429,48367,8
48433,48353,8
48439,48475,8
48439,48471,8
48439,48001,8
48439,48093,8
48439,48037,8
48439,48499,8
48441,48093,8
48449,48309,8
48453,48329,8
48459,48467,8
48461,48495,8
48475,48451,8
48479,48159,8
48479,48329,8
48479,48439,8
48485,48441,8
48495,48301,8
5035,48139,7
5035,48027,7
5059,48139,7
5085,48217,7
5091,48367,7
5119,48367,7
5123,48113,7
22017,22015,7
22031,48439,7
22033,48423,7
22055,48423,7
22069,48423,7
22073,48367,7
22079,48257,7
22083,48203,7
35017,48389,7
35025,48133,7
35025,48495,7
35025,48173,7
40081,48227,7
40109,48139,7
48001,48439,7
48003,48441,7
48027,48449,7
48029,48223,7
48037,48491,7
48037,48423,7
48041,48439,7
48041,48367,7
48059,48363,7
48073,48439,7
48073,48183,7
48081,48329,7
48081,48227,7
48081,48353,7
48085,22017,7
48085,48221,7
48091,48439,7
48109,48335,7
48113,48343,7
48113,48449,7
48135,48059,7
48135,48113,7
48135,48367,7
48135,48165,7
48139,40019,7
48139,48449,7
48139,48251,7
48139,48375,7
48141,48113,7
48159,48139,7
48159,48029,7
48169,48441,7
48169,48329,7
48183,48459,7
48183,22079,7
48201,48231,7
48201,48423,7
48203,48121,7
48217,48397,7
48217,5119,7
48217,48159,7
48217,48449,7
48223,48029,7
48251,48497,7
48253,48417,7
48257,22061,7
48257,22119,7
48257,22015,7
48257,22073,7
48283,48113,7
48283,48223,7
48289,48367,7
48303,48059,7
48303,48399,7
48303,48439,7
48309,5019,7
48309,48121,7
48317,48383,7
48325,48113,7
48329,48243,7
48329,48485,7
48329,48267,7
48335,48059,7
48343,48367,7
48347,48203,7
48353,35013,7
48353,48251,7
48353,48003,7
48353,35025,7
48363,48353,7
48365,48499,7
48367,48503,7
48371,35025,7
48383,48003,7
48389,48229,7
48397,48353,7
48397,48217,7
48397,48423,7
48405,48183,7
48423,48077,7
48441,48389,7
48441,48251,7
48449,48113,7
48449,48367,7
48453,48037,7
48467,22083,7
48485,48139,7
48485,48113,7
48491,48085,7
48491,5019,7
48497,48221,7
48499,48365,7
5035,48217,6
5091,48133,6
5117,48113,6
5119,48027,6
5123,48027,6
5123,48367,6
5125,48217,6
22013,48423,6
22015,48315,6
22017,48067,6
22031,48459,6
22083,48439,6
22097,48113,6
22105,48113,6
22119,48133,6
22121,48467,6
35015,48173,6
35015,48317,6
35015,48133,6
35017,48475,6
35023,48353,6
35025,48441,6
35029,48353,6
40019,48439,6
40049,48113,6
40109,48353,6
48001,48183,6
48001,48497,6
48003,48059,6
48005,48113,6
48013,48113,6
48029,5099,6
48059,48335,6
48067,48183,6
48071,48439,6
48073,48203,6
48093,48439,6
48099,48439,6
48103,48103,6
48109,48133,6
48113,48503,6
48113,48077,6
48113,48415,6
48113,48035,6
48121,48059,6
48121,48121,6
48139,48133,6
48139,5123,6
48143,48085,6
48147,48439,6
48159,48309,6
48161,48077,6
48163,48223,6
48181,48367,6
48183,48073,6
48183,22081,6
48197,48467,6
48201,48475,6
48201,48337,6
48201,48197,6
48203,48073,6
48203,48499,6
48215,48037,6
48217,48257,6
48217,40013,6
48221,48251,6
48223,48353,6
48223,48309,6
48223,48251,6
48227,35013,6
48231,48441,6
48231,48091,6
48231,48453,6
48237,48251,6
48243,48135,6
48251,48329,6
48251,48251,6
48253,48135,6
48257,48353,6
48257,48027,6
48265,48329,6
48301,48441,6
48303,48049,6
48303,48367,6
48303,48371,6
48309,48449,6
48315,48401,6
48317,48059,6
48329,48207,6
48335,48389,6
48335,48113,6
48335,48367,6
48339,48497,6
48339,48085,6
48347,48183,6
48349,48231,6
48353,48257,6
48353,40033,6
48363,48497,6
48363,48143,6
48365,48439,6
48367,48337,6
48367,48203,6
48375,48439,6
48389,48165,6
48395,48113,6
48415,48335,6
48417,48253,6
48419,48439,6
48419,48423,6
48423,48441,6
48423,22079,6
48423,48309,6
48423,22083,6
48423,48139,6
48425,48497,6
48431,48317,6
48431,48227,6
48439,48097,6
48439,22119,6
48439,48237,6
48439,48335,6
48439,48049,6
48441,48109,6
48441,48121,6
48441,48139,6
48441,48485,6
48441,48085,6
48451,48389,6
48451,48303,6
48451,48363,6
48453,48121,6
48453,22017,6
48459,22015,6
48467,48213,6
48467,48231,6
48467,22073,6
48479,48449,6
48479,5057,6
48485,48289,6
48491,48037,6
48491,48223,6
48491,48257,6
48499,48203,6
5027,48423,5
5059,48367,5
5091,48423,5
5117,48027,5
5117,48367,5
5123,48439,5
5125,48439,5
22015,48367,5
22015,22017,5
22017,48343,5
22017,40109,5
22017,48349,5
22017,48001,5
22061,48139,5
22063,48113,5
22069,48203,5
22073,48439,5
22083,48257,5
22097,48439,5
22099,48467,5
22119,48085,5
22121,48423,5
35009,48133,5
35015,48371,5
35023,48133,5
40017,48329,5
40035,48113,5
40051,48329,5
40051,48353,5
40091,48217,5
40109,48423,5
40109,48227,5
40121,48113,5
48003,48451,5
48005,48439,5
48005,48183,5
48027,48085,5
48027,48159,5
48029,5091,5
48029,48085,5
48029,48159,5
48037,48059,5
48037,48203,5
48037,48183,5
48037,48029,5
48043,48329,5
48043,48135,5
48049,48441,5
48049,48113,5
48059,48475,5
48059,48257,5
48067,48423,5
48073,48467,5
48085,48441,5
48085,48133,5
48091,48223,5
48093,48441,5
48097,48423,5
48113,40005,5
48113,22031,5
48113,48375,5
48113,48425,5
48113,48197,5
48113,48473,5
48113,48485,5
48113,48399,5
48113,48475,5
48113,40101,5
48121,48329,5
48121,48401,5
48121,22073,5
48121,22119,5
48121,48085,5
48133,48467,5
48133,48121,5
48135,48431,5
48135,48501,5
48139,48337,5
48139,5119,5
48139,48221,5
48139,48183,5
48141,48363,5
48141,48495,5
48151,48135,5
48159,48353,5
48159,48133,5
48161,48397,5
48183,48085,5
48183,48001,5
48183,22069,5
48191,48139,5
48201,48183,5
48201,40013,5
48203,48419,5
48203,48497,5
48215,48329,5
48217,48085,5
48217,5125,5
48219,48353,5
48225,48203,5
48227,48121,5
48227,48363,5
48235,48227,5
48251,48059,5
48251,22017,5
48251,48183,5
48253,48227,5
48257,48401,5
48267,48329,5
48277,48423,5
48277,48257,5
48283,48439,5
48297,48353,5
48297,48113,5
48301,48103,5
48303,48173,5
48309,48329,5
48309,22017,5
48309,48353,5
48329,48121,5
48335,48141,5
48335,48475,5
48339,48135,5
48341,48353,5
48353,48121,5
48353,22017,5
48353,48201,5
48363,48227,5
48365,48401,5
48367,48093,5
48367,48037,5
48367,48141,5
48367,48201,5
48375,48113,5
48379,48423,5
48381,48441,5
48383,48461,5
48389,48029,5
48397,48349,5
48397,48133,5
48399,48439,5
48401,48439,5
48401,48121,5
48423,22097,5
48423,48363,5
48423,48001,5
48423,22061,5
48423,48059,5
48423,48485,5
48435,48389,5
48439,48389,5
48439,48077,5
48439,48449,5
48439,48293,5
48439,40109,5
48441,48169,5
48441,48223,5
48441,48049,5
48441,48081,5
48441,48231,5
48441,35025,5
48449,48423,5
48451,48151,5
48451,48253,5
48453,48085,5
48453,48223,5
48453,48231,5
48453,5091,5
48459,48113,5
48461,48383,5
48465,48329,5
48467,48397,5
48471,48397,5
48473,48439,5
48475,48243,5
48475,35029,5
48475,48033,5
48475,48363,5
48485,48135,5
48491,48329,5
48491,48231,5
48495,48371,5
48495,48353,5
48497,48363,5
48497,48143,5
48499,22017,5
5019,48133,4
5035,48309,4
5035,48439,4
5085,48367,4
5093,48027,4
5117,48133,4
5117,48139,4
5119,48183,4
5119,48439,4
5123,48091,4
5123,48309,4
5125,48027,4
5145,48139,4
22003,48183,4
22015,48121,4
22017,48251,4
22017,48133,4
22017,48449,4
22017,48073,4
22031,48365,4
22033,48257,4
22055,48203,4
22055,48439,4
22065,48139,4
22065,48121,4
22069,48439,4
22083,48367,4
22083,48133,4
22103,48423,4
35005,48353,4
35015,48367,4
35017,48329,4
35019,48353,4
35023,48227,4
35023,48059,4
35029,48133,4
40005,48113,4
40013,48139,4
40017,48113,4
40031,48329,4
40051,48135,4
40071,48439,4
40071,48217,4
40089,48113,4
40109,48335,4
40109,48183,4
40143,48113,4
40145,48139,4
48005,48085,4
48005,48203,4
48013,48367,4
48013,48135,4
48027,5091,4
48029,48423,4
48029,48203,4
48029,48397,4
48029,22017,4
48035,48367,4
48037,48133,4
48049,48303,4
48049,48227,4
48055,48113,4
48059,48139,4
48059,48429,4
48059,48415,4
48059,48389,4
48059,48251,4
48059,48109,4
48075,48423,4
48075,48201,4
48075,48257,4
48077,22017,4
48085,48121,4
48085,48309,4
48091,48329,4
48093,48113,4
48093,48353,4
48097,22017,4
48097,48251,4
48113,48487,4
48113,40035,4
48113,48451,4
48113,5085,4
48113,48049,4
48113,48459,4
48113,48297,4
48113,5123,4
48113,22061,4
48113,22083,4
48121,48453,4
48133,48139,4
48133,48143,4
48133,48253,4
48133,48317,4
48135,48363,4
48135,48081,4
48135,48253,4
48135,48029,4
48139,48203,4
48139,48363,4
48139,5019,4
48143,48133,4
48143,48329,4
48143,48257,4
48145,48367,4
48145,48113,4
48159,48091,4
48161,48497,4
48161,48183,4
48167,48439,4
48173,48441,4
48173,48103,4
48181,48257,4
48183,48037,4
48183,48251,4
48183,48349,4
48183,48231,4
48187,48223,4
48189,48353,4
48201,48467,4
48201,48139,4
48201,48277,4
48201,48067,4
48203,22013,4
48203,22085,4
48203,48441,4
48203,48201,4
48203,48213,4
48203,48085,4
48203,22073,4
48213,48367,4
48215,48449,4
48217,5123,4
48217,48121,4
48217,5059,4
48223,48325,4
48223,48187,4
48223,48209,4
48225,48439,4
48227,48301,4
48227,35029,4
48227,48049,4
48231,48491,4
48231,48367,4
48243,48329,4
48251,48223,4
48251,48303,4
48257,48073,4
48257,48441,4
48257,48217,4
48257,22083,4
48257,48497,4
48257,48499,4
48259,48329,4
48259,48135,4
48265,48135,4
48277,48439,4
48277,48251,4
48289,48497,4
48303,48451,4
48309,48423,4
48309,48183,4
48309,48415,4
48309,48467,4
48313,48113,4
48315,22017,4
48317,48133,4
48325,48223,4
48329,40033,4
48329,48043,4
48329,40031,4
48329,48497,4
48335,48439,4
48335,48133,4
48335,48467,4
48337,48113,4
48339,48257,4
48339,48121,4
48339,5091,4
48343,22017,4
48347,48439,4
48349,48183,4
48353,48399,4
48353,48083,4
48353,48207,4
48353,48159,4
48355,48329,4
48363,48217,4
48363,22017,4
48363,48135,4
48365,48467,4
48367,48049,4
48367,48231,4
48367,5099,4
48367,48001,4
48367,48485,4
48367,22015,4
48367,48343,4
48371,48301,4
48371,48441,4
48379,48257,4
48383,48439,4
48389,48335,4
48397,48363,4
48397,48073,4
48397,48213,4
48397,48309,4
48399,48441,4
48399,48303,4
48401,48499,4
48401,48085,4
48415,48253,4
48415,48309,4
48415,48399,4
48415,48059,4
48419,48459,4
48423,48217,4
48423,48027,4
48423,48353,4
48423,48005,4
48423,5139,4
48429,48439,4
48429,48059,4
48431,48003,4
48439,48303,4
48439,48313,4
48439,48073,4
48439,48209,4
48439,48399,4
48439,48035,4
48441,40033,4
48441,48003,4
48449,22015,4
48449,48133,4
48451,35015,4
48453,48303,4
48453,48353,4
48453,48257,4
48459,48257,4
48461,48115,4
48467,48499,4
48467,48227,4
48467,22119,4
48467,48485,4
48467,48217,4
48467,48487,4
48467,48251,4
48467,48353,4
48469,48329,4
48473,48441,4
48475,48439,4
48477,48329,4
48479,48135,4
48479,5123,4
48479,5059,4
48479,48303,4
48485,48201,4
48491,48449,4
48491,48121,4
48491,5099,4
48497,48203,4
48497,22017,4
48497,48467,4
48497,48133,4
48497,48423,4
48499,48213,4
48501,48135,4
5019,48363,3
5019,48491,3
5035,48029,3
5035,48491,3
5057,48113,3
5057,48423,3
5057,48217,3
5059,48027,3
5085,48139,3
5085,48113,3
5085,48439,3
5085,48133,3
5091,48441,3
5091,48201,3
5091,48091,3
5093,48309,3
5093,48139,3
5099,48439,3
5099,48423,3
5099,48491,3
5117,48183,3
5117,48217,3
5119,48251,3
5125,48029,3
22013,48257,3
22013,48439,3
22015,48001,3
22017,48059,3
22017,40085,3
22017,48363,3
22031,22017,3
22033,48439,3
22047,48439,3
22049,48203,3
22065,48133,3
22067,48183,3
22069,48467,3
22071,48423,3
22071,48113,3
22073,48231,3
22079,48203,3
22079,48401,3
22079,48497,3
22083,48363,3
22083,48401,3
22083,48121,3
22097,48257,3
22103,48203,3
22105,48423,3
22119,48401,3
22119,48213,3
22119,48363,3
22121,48257,3
35001,48353,3
35001,48441,3
35013,48133,3
35013,48441,3
35013,48059,3
35013,48335,3
35015,48439,3
35025,35015,3
35025,48451,3
35025,48103,3
40005,48257,3
40005,48139,3
40013,48029,3
40013,48439,3
40017,48439,3
40017,48135,3
40019,48367,3
40019,48423,3
40033,48227,3
40049,48439,3
40049,48349,3
40051,48423,3
40085,48113,3
40087,48329,3
40091,48113,3
40097,48113,3
40097,48217,3
40109,48135,3
40143,48227,3
40143,48135,3
48001,48423,3
48001,48367,3
48001,48257,3
48003,48133,3
48005,48367,3
48005,5091,3
48027,48183,3
48027,5099,3
48029,48441,3
48029,48449,3
48029,5119,3
48031,48367,3
48033,48475,3
48037,48401,3
48037,48091,3
48039,48329,3
48059,48003,3
48059,48221,3
48059,48093,3
48067,48467,3
48073,22119,3
48077,48289,3
48081,48441,3
48081,48415,3
48083,48353,3
48085,48203,3
48089,48113,3
48091,48397,3
48091,40005,3
48091,48231,3
48093,48329,3
48097,48367,3
48097,48139,3
48099,48113,3
48109,48113,3
48113,48041,3
48113,5059,3
48113,48335,3
48113,48119,3
48113,40091,3
48113,48245,3
48113,22099,3
48113,48243,3
48115,48441,3
48115,48317,3
48115,48103,3
48117,48353,3
48121,48309,3
48123,48329,3
48129,48257,3
48129,48139,3
48133,48229,3
48133,48037,3
48133,48231,3
48133,48183,3
48135,48309,3
48135,48395,3
48135,48115,3
48139,48139,3
48139,48441,3
48139,48213,3
48139,5145,3
48141,48371,3
48141,48439,3
48151,48227,3
48157,48329,3
48157,48085,3
48159,48439,3
48159,48363,3
48167,48329,3
48169,48135,3
48173,48173,3
48183,48309,3
48183,22027,3
48183,48077,3
48187,48037,3
48193,48439,3
48197,48201,3
48201,5091,3
48201,40019,3
48201,48221,3
48201,40049,3
48203,5099,3
48203,48059,3
48203,48133,3
48203,48159,3
48203,48347,3
48203,48067,3
48209,48257,3
48213,48223,3
48215,5091,3
48217,40121,3
48217,48441,3
48217,5035,3
48217,48467,3
48217,5085,3
48217,40101,3
48217,48363,3
48219,48389,3
48221,48139,3
48221,48329,3
48221,48257,3
48223,48363,3
48223,48491,3
48227,48251,3
48227,48223,3
48227,48139,3
48229,48059,3
48231,48133,3
48231,48349,3
48243,48475,3
48243,48227,3
48249,48329,3
48251,48231,3
48255,48329,3
48257,22055,3
48257,48223,3
48257,48227,3
48267,48303,3
48277,48139,3
48281,48113,3
48283,48037,3
48283,48329,3
48287,48439,3
48293,48367,3
48301,48173,3
48301,48059,3
48303,48029,3
48303,48363,3
48309,5125,3
48309,5119,3
48313,48439,3
48317,48093,3
48317,48439,3
48325,48439,3
48325,48397,3
48329,48221,3
48329,48307,3
48329,48083,3
48329,48183,3
48329,48203,3
48329,48085,3
48337,48139,3
48341,48139,3
48349,48077,3
48349,48223,3
48349,22017,3
48349,48121,3
48353,48037,3
48353,48223,3
48353,48375,3
48353,35015,3
48353,48097,3
48353,48169,3
48353,48093,3
48353,35029,3
48353,48473,3
48353,48397,3
48355,48135,3
48363,48335,3
48363,48257,3
48363,48303,3
48367,40019,3
48367,48027,3
48367,48451,3
48367,48293,3
48367,22061,3
48375,48139,3
48375,48441,3
48375,48135,3
48375,48329,3
48379,48183,3
48381,48113,3
48389,48397,3
48389,48439,3
48389,48431,3
48395,48367,3
48395,48439,3
48397,48085,3
48397,48091,3
48397,48441,3
48397,48121,3
48399,48121,3
48401,48365,3
48401,48459,3
48405,48203,3
48415,48475,3
48415,48389,3
48415,48133,3
48419,48113,3
48423,48133,3
48423,5091,3
48423,48181,3
48423,48251,3
48429,48133,3
48439,5019,3
48439,48347,3
48439,22061,3
48439,48039,3
48439,22079,3
48439,22065,3
48439,48379,3
48439,48091,3
48439,48193,3
48439,5091,3
48441,48399,3
48441,48267,3
48441,48423,3
48441,22017,3
48441,48183,3
48445,48059,3
48449,48209,3
48449,48091,3
48449,48439,3
48449,48027,3
48451,48003,3
48451,48367,3
48451,48133,3
48453,48441,3
48453,48203,3
48453,48423,3
48453,48183,3
48459,48005,3
48461,48451,3
48467,48059,3
48467,22097,3
48467,48335,3
48469,48497,3
48469,48113,3
48471,48085,3
48473,48329,3
48475,48303,3
48475,48335,3
48475,48113,3
48479,48353,3
48479,48257,3
48485,48329,3
48491,48367,3
48497,48471,3
48497,48121,3
